repeat,fold,method,brier,log_loss,auc,ap,mean_predicted,observed_rate,cal_intercept,cal_slope
0,0,Uncalibrated,0.1134417446125537,0.3718566382195903,0.951505016722408,0.9590712855789993,0.4955387283391613,0.46938775510204084,-0.15368684343423344,2.5378129430157554
0,0,Temperature scaling,0.10405819028615268,0.33351171347834857,0.951505016722408,0.9590712855789993,0.4980374006409823,0.46938775510204084,-0.20087413362700107,1.8565456659443234
0,0,Platt (sigmoid),0.10559189130494098,0.34272615582224475,0.951505016722408,0.9590712855789993,0.5121929857402936,0.46938775510204084,-0.2919908765184296,1.774664705566468
0,0,Logistic recalibration,0.10526259566582434,0.3349819752761831,0.951505016722408,0.9590712855789993,0.5080794342829118,0.46938775510204084,-0.2731220173177348,1.840203486972469
0,0,Beta calibration,0.10558326511670735,0.3356031046664167,0.951505016722408,0.9590712855789993,0.5083301120462821,0.46938775510204084,-0.27485185411452273,1.8394534004202134
0,0,Isotonic regression,0.10777974451708504,0.3237960629316546,0.9581939799331104,0.9456564506169585,0.499202180826937,0.46938775510204084,-0.22757331608504036,2.2395804467111065
0,1,Uncalibrated,0.12852635080274621,0.41195450715269955,0.8872053872053873,0.9007497029466414,0.4183218222242109,0.4489795918367347,0.20033481802370598,1.3750261663052474
0,1,Temperature scaling,0.12675801479888132,0.40621033262290046,0.8872053872053873,0.9007497029466414,0.40688549061761187,0.4489795918367347,0.3134697797309998,1.1303478022890543
0,1,Platt (sigmoid),0.12732026393880083,0.40541061778920473,0.8872053872053873,0.9007497029466414,0.40503730729194415,0.4489795918367347,0.31316448678549763,1.243851668882449
0,1,Logistic recalibration,0.126572462976786,0.4054885651143867,0.8872053872053873,0.9007497029466414,0.4090794833676173,0.4489795918367347,0.2969431529860372,1.12877642959353
0,1,Beta calibration,0.12658407381040884,0.40609493338776587,0.8872053872053873,0.9007497029466414,0.40889181652005935,0.4489795918367347,0.2983849340808256,1.1242598095826972
0,1,Isotonic regression,0.1284559893720331,0.6153570824368503,0.8905723905723906,0.8865408108109971,0.41865131351767065,0.4489795918367347,0.22778022969514242,0.37647637487947777
0,2,Uncalibrated,0.14170059619701145,0.4333967868756193,0.868881118881119,0.8807238878737588,0.4471895011573368,0.4583333333333333,0.06753611146310227,1.3827047842356646
0,2,Temperature scaling,0.14250591720940498,0.4233145866610894,0.868881118881119,0.8807238878737588,0.43389015181733653,0.4583333333333333,0.1834398072585785,0.9941437530905317
0,2,Platt (sigmoid),0.1452118389335124,0.4359250496771452,0.868881118881119,0.8807238878737588,0.44516112304987665,0.4583333333333333,0.09632200935179959,0.9956360302408699
0,2,Logistic recalibration,0.14284262834123831,0.4214499844751843,0.868881118881119,0.8807238878737588,0.44869677550753345,0.4583333333333333,0.0724196809753288,0.9824310989872828
0,2,Beta calibration,0.1420996456544126,0.4199591631367808,0.868881118881119,0.8807238878737588,0.4488779265278012,0.4583333333333333,0.07126596904891246,0.9845694008375536
0,2,Isotonic regression,0.14928671433799498,0.4539617955101911,0.8540209790209791,0.8398164335664334,0.4550201661098396,0.4583333333333333,0.026665677676304844,0.6837217784646971
0,3,Uncalibrated,0.1314933108409403,0.40782099621563467,0.9055944055944056,0.8927577737280804,0.49609434919863155,0.4583333333333333,-0.2610493357320624,1.1850368201953307
0,3,Temperature scaling,0.1330358974094104,0.40875592892264395,0.9055944055944056,0.8927577737280804,0.4922573754179041,0.4583333333333333,-0.3049250106786921,0.8400605368697514
0,3,Platt (sigmoid),0.13542593408254547,0.4187255458924734,0.9055944055944056,0.8927577737280804,0.5008425001872253,0.4583333333333333,-0.3564172907685201,0.9281902368688942
0,3,Logistic recalibration,0.1338798526579317,0.4116223730541207,0.9055944055944056,0.8927577737280804,0.49943196384993377,0.4583333333333333,-0.37154647486991527,0.8335825414270772
0,3,Beta calibration,0.13412097379599147,0.4334028482293318,0.9055944055944056,0.8927577737280804,0.5052140141700133,0.4583333333333333,-0.4344642144283827,0.7438519783909425
0,3,Isotonic regression,0.1263910027631283,0.597094887839748,0.8986013986013985,0.8542714310673878,0.4930922531606925,0.4583333333333333,-0.34703677895020846,0.2660982285246887
0,4,Uncalibrated,0.14140816757676486,0.4356593172495842,0.8793706293706294,0.8733634567465596,0.47531107525147487,0.4583333333333333,-0.10139582106627164,1.4171831434422766
0,4,Temperature scaling,0.13812585169080707,0.4230575959818463,0.8793706293706294,0.8733634567465596,0.47133633734808367,0.4583333333333333,-0.09332084554833125,1.0168688403057589
0,4,Platt (sigmoid),0.13840060983349192,0.42912829872117836,0.8793706293706294,0.8733634567465596,0.47533820324043025,0.4583333333333333,-0.12051175267147932,1.0450674562934845
0,4,Logistic recalibration,0.13836316776660224,0.4234927091834552,0.8793706293706294,0.8733634567465596,0.4754323728080432,0.4583333333333333,-0.12281296384762122,1.0147255173316119
0,4,Beta calibration,0.13793311556984966,0.42153303578228374,0.8793706293706294,0.8733634567465596,0.4736539944469596,0.4583333333333333,-0.11086249744080459,1.01226267003365
0,4,Isotonic regression,0.14414116081090914,0.4454154562258322,0.8697552447552449,0.8546921199908878,0.4712933574425595,0.4583333333333333,-0.10051826990331957,0.7421639185272634
1,0,Uncalibrated,0.14906762064319576,0.44443519268045834,0.8729096989966555,0.855925743520414,0.4751581076153985,0.46938775510204084,-0.04354720336065705,0.9138261749888458
1,0,Temperature scaling,0.1620716836005768,0.4846576990540808,0.8729096989966555,0.855925743520414,0.47274602413088757,0.46938775510204084,-0.03646456415362308,0.6117002612038402
1,0,Platt (sigmoid),0.16585053698520688,0.49240579696961584,0.8729096989966555,0.855925743520414,0.48269713467320985,0.46938775510204084,-0.1319486237582591,0.685240800379654
1,0,Logistic recalibration,0.1625795789338471,0.48735466881572814,0.8729096989966555,0.855925743520414,0.4812800565654852,0.46938775510204084,-0.1304183802125634,0.6052099339507242
1,0,Beta calibration,0.1643534167802499,0.505826903652506,0.8729096989966555,0.855925743520414,0.48610937532731985,0.46938775510204084,-0.18762110170078472,0.5726621675154573
1,0,Isotonic regression,0.17083808713694848,0.7089201921572558,0.8662207357859533,0.8304689513385166,0.4880380309196158,0.46938775510204084,-0.2559155300686882,0.23564617179114297
1,1,Uncalibrated,0.14630886230893816,0.438818191599028,0.867003367003367,0.867006180570422,0.4164421814949894,0.4489795918367347,0.20311964862828383,1.313830134934905
1,1,Temperature scaling,0.15074615232492225,0.44010860140244196,0.867003367003367,0.867006180570422,0.39619507321419906,0.4489795918367347,0.41618814261204207,0.9001103603286762
1,1,Platt (sigmoid),0.15388766871330797,0.4547351779656392,0.867003367003367,0.867006180570422,0.3994834292272732,0.4489795918367347,0.37908173064727874,0.9270924655431609
1,1,Logistic recalibration,0.15043621542089822,0.4388167916581027,0.867003367003367,0.867006180570422,0.3994926841302868,0.4489795918367347,0.39004729782023323,0.8980579773720866
1,1,Beta calibration,0.15028754281479909,0.4381939060023134,0.867003367003367,0.867006180570422,0.39921988453698254,0.4489795918367347,0.38892376959789027,0.915407959271251
1,1,Isotonic regression,0.15760797745679425,0.44378887910589665,0.8703703703703703,0.8607789261696043,0.40417500813463914,0.4489795918367347,0.37586699571141163,0.7008174880489145
1,2,Uncalibrated,0.1519139588899373,0.45509026091128874,0.8741258741258741,0.8867206933594494,0.5255840396269361,0.4583333333333333,-0.404104131367143,1.3229907910805896
1,2,Temperature scaling,0.1544627148227777,0.4519801055833554,0.8741258741258741,0.8867206933594494,0.5298411847873185,0.4583333333333333,-0.528044385993093,0.9442803146639751
1,2,Platt (sigmoid),0.15963367301919298,0.4726119404399234,0.8741258741258741,0.8867206933594494,0.5387755306129499,0.4583333333333333,-0.5778977401937638,0.9621875693770331
1,2,Logistic recalibration,0.1575475894083229,0.458447974570213,0.8741258741258741,0.8867206933594494,0.5407392605989138,0.4583333333333333,-0.6119712361805528,0.9368676460675048
1,2,Beta calibration,0.15864493407855712,0.4610766707035516,0.8741258741258741,0.8867206933594494,0.5408520311600472,0.4583333333333333,-0.6073052287465629,0.944555136744043
1,2,Isotonic regression,0.1706502630236966,0.49729473767030674,0.8688811188811189,0.874581191304451,0.5401159923850258,0.4583333333333333,-0.6452427068994605,0.6702721301025957
1,3,Uncalibrated,0.17206347908596564,0.5154837318616071,0.8234265734265734,0.8468018146977727,0.4378433393931141,0.4583333333333333,0.13006996413266714,0.8553248409876532
1,3,Temperature scaling,0.1787487022727758,0.5531687757361978,0.8234265734265734,0.8468018146977727,0.43280448074039457,0.4583333333333333,0.2066430692560605,0.5855784892439844
1,3,Platt (sigmoid),0.17965717601391237,0.5424598511572195,0.8234265734265734,0.8468018146977727,0.43981220197491244,0.4583333333333333,0.14470420385370275,0.6810424500988437
1,3,Logistic recalibration,0.17903949779277792,0.5528694680405005,0.8234265734265734,0.8468018146977727,0.4355089698488637,0.4583333333333333,0.18493509234898875,0.5847707694866419
1,3,Beta calibration,0.1801491919156414,0.5592407535251603,0.8234265734265734,0.8468018146977727,0.4361765869025071,0.4583333333333333,0.1802543606459868,0.5705693651756527
1,3,Isotonic regression,0.17962870762865146,0.780277197713831,0.8146853146853148,0.8131524766040169,0.4164281407337415,0.4583333333333333,0.3610965203529978,0.24021171594594704
1,4,Uncalibrated,0.0922757764752095,0.33139968361410416,0.9772727272727273,0.9769123790862921,0.4642160968353106,0.4583333333333333,-0.03435245159066849,4.041794907529965
1,4,Temperature scaling,0.0769031216148315,0.2773758040012632,0.9772727272727273,0.9769123790862921,0.4523021977786676,0.4583333333333333,0.04282688688145625,2.969878127707341
1,4,Platt (sigmoid),0.07566290201548131,0.2804683038776532,0.9772727272727273,0.9769123790862921,0.4603766863357072,0.4583333333333333,-0.014036647877674979,2.788303658654599
1,4,Logistic recalibration,0.07630211500049633,0.2757660537455819,0.9772727272727273,0.9769123790862921,0.4642101340893865,0.4583333333333333,-0.04180943408074528,2.940624475172936
1,4,Beta calibration,0.07628391337265605,0.27569490973425176,0.9772727272727273,0.9769123790862921,0.4643023795019859,0.4583333333333333,-0.042486427902755135,2.9417921360402572
1,4,Isotonic regression,0.08158396115598125,0.2747326125191407,0.9763986013986014,0.9670846394984326,0.46922014770940806,0.4583333333333333,-0.08311329598219475,5.3550353787408715
2,0,Uncalibrated,0.09370413082039204,0.3184617781545448,0.959866220735786,0.9646705374021064,0.5059383173546868,0.46938775510204084,-0.24805466299786552,2.0292497724831455
2,0,Temperature scaling,0.0868846700088786,0.2862334534591007,0.959866220735786,0.9646705374021064,0.503668647659225,0.46938775510204084,-0.2869635042127101,1.544764817289835
2,0,Platt (sigmoid),0.08986355188233348,0.3012741734153448,0.959866220735786,0.9646705374021064,0.5134045232795699,0.46938775510204084,-0.3476123361819847,1.5338120227934906
2,0,Logistic recalibration,0.08855605973649522,0.2888384707635658,0.959866220735786,0.9646705374021064,0.5149914013983707,0.46938775510204084,-0.38526991792225596,1.524662266024534
2,0,Beta calibration,0.08998292941011592,0.2932490221461012,0.959866220735786,0.9646705374021064,0.512212381011987,0.46938775510204084,-0.35641361842341757,1.5309749361739142
2,0,Isotonic regression,0.08666594421614578,0.2715763662841429,0.9590301003344481,0.9541576924635394,0.5191763281580954,0.46938775510204084,-0.4607902835222613,1.5182131597488255
2,1,Uncalibrated,0.15725174940414902,0.47818450006318536,0.8552188552188552,0.8588649641790096,0.4330318884018887,0.4489795918367347,0.09400387273772107,1.1842913308515772
2,1,Temperature scaling,0.158224706804354,0.4783583978637865,0.8552188552188552,0.8588649641790096,0.42103358369072746,0.4489795918367347,0.19394394878939164,0.9001632832294769
2,1,Platt (sigmoid),0.16041578343117205,0.48310251940366966,0.8552188552188552,0.8588649641790096,0.421287352072638,0.4489795918367347,0.1912110540372441,0.9176727973870347
2,1,Logistic recalibration,0.1581389380482036,0.4780447858818169,0.8552188552188552,0.8588649641790096,0.4228086871158918,0.4489795918367347,0.18159062290920663,0.8994453884960171
2,1,Beta calibration,0.1581133716231693,0.4799726436303233,0.8552188552188552,0.8588649641790096,0.4233720901488139,0.4489795918367347,0.17854142775147766,0.884361681483588
2,1,Isotonic regression,0.16903907241732866,0.5108473565960927,0.835016835016835,0.8011075880641099,0.4210190032042109,0.4489795918367347,0.21705715492541056,0.6559599696461539
2,2,Uncalibrated,0.1282984885570774,0.394590972546531,0.9143356643356644,0.904098195898989,0.4185143562749885,0.4583333333333333,0.25607178224646326,1.5376871464038042
2,2,Temperature scaling,0.12832830763875935,0.38112404739479927,0.9143356643356644,0.904098195898989,0.4083957633159508,0.4583333333333333,0.3878180774188147,1.1558409641882978
2,2,Platt (sigmoid),0.13034044112037754,0.3965245883292819,0.9143356643356644,0.904098195898989,0.4207094452475206,0.4583333333333333,0.27559053227428054,1.177933280892541
2,2,Logistic recalibration,0.12704417228055048,0.37767331091674866,0.9143356643356644,0.904098195898989,0.4174142476102554,0.4583333333333333,0.31866717111046766,1.1468317509743318
2,2,Beta calibration,0.12864666447634998,0.38270847800883634,0.9143356643356644,0.904098195898989,0.4185270414460865,0.4583333333333333,0.30562867232835417,1.168402145044154
2,2,Isotonic regression,0.12699593321981437,0.3654857576294816,0.9108391608391608,0.8810566546367763,0.41048819880634957,0.4583333333333333,0.3921855313439141,1.0925139417383998
2,3,Uncalibrated,0.12194938151319996,0.3969399531680338,0.9073426573426573,0.8669485855886717,0.48484936026587916,0.4583333333333333,-0.18194253181409017,1.2580106433036715
2,3,Temperature scaling,0.11856482781683945,0.39107929396808155,0.9073426573426573,0.8669485855886717,0.4853833914610002,0.4583333333333333,-0.22465209677778547,0.9756842138206218
2,3,Platt (sigmoid),0.11836796188798392,0.38981729219037065,0.9073426573426573,0.8669485855886717,0.5001224573120896,0.4583333333333333,-0.3260222228860644,1.0991451620471395
2,3,Logistic recalibration,0.11927910751908584,0.39352662712964,0.9073426573426573,0.8669485855886717,0.4941536884630686,0.4583333333333333,-0.30065019462606174,0.9645636033662156
2,3,Beta calibration,0.11897699986138392,0.3950664448733196,0.9073426573426573,0.8669485855886717,0.4948076645443302,0.4583333333333333,-0.30636151794362165,0.9591512565892555
2,3,Isotonic regression,0.12978604223455656,0.6237937970700537,0.9003496503496504,0.837893479460465,0.4969195857950181,0.4583333333333333,-0.3542383959438595,0.27249394786656234
2,4,Uncalibrated,0.1547945068409813,0.47071462657007473,0.8496503496503496,0.8725293374794043,0.45558658608363417,0.4583333333333333,0.01532776770377462,1.4208327361489312
2,4,Temperature scaling,0.15269267169250614,0.46067578363112993,0.8496503496503496,0.8725293374794043,0.4459713289451333,0.4583333333333333,0.07728383484007137,1.1256929975107144
2,4,Platt (sigmoid),0.15319305245837858,0.4667784806558841,0.8496503496503496,0.8725293374794043,0.44106739212112017,0.4583333333333333,0.10797683139641914,1.1110294628696538
2,4,Logistic recalibration,0.15271545731188768,0.4605579199103462,0.8496503496503496,0.8725293374794043,0.44739930893421304,0.4583333333333333,0.06834229468491201,1.1250777179849294
2,4,Beta calibration,0.15232395433222695,0.459483235522792,0.8496503496503496,0.8725293374794043,0.4462488663712876,0.4583333333333333,0.07558442738731268,1.1322073816311653
2,4,Isotonic regression,0.1629768598552406,0.49845934678214143,0.8304195804195805,0.836116963710049,0.4411978203339492,0.4583333333333333,0.11594648243115438,0.7596481814145164
3,0,Uncalibrated,0.10950719358385357,0.357453855189578,0.923076923076923,0.9326972038480414,0.4351382898655932,0.46938775510204084,0.23623493722951527,1.5502686924866975
3,0,Temperature scaling,0.10769943033165072,0.3399675155352317,0.923076923076923,0.9326972038480414,0.42516042726732106,0.46938775510204084,0.4047176724862021,1.1122811009431424
3,0,Platt (sigmoid),0.10954112853852363,0.3461912146700804,0.923076923076923,0.9326972038480414,0.43573863985338246,0.46938775510204084,0.29386165733504604,1.148759943784758
3,0,Logistic recalibration,0.10684035708533535,0.33606062380564955,0.923076923076923,0.9326972038480414,0.4352200266998245,0.46938775510204084,0.3140630123382072,1.100684530696603
3,0,Beta calibration,0.10768800406137896,0.33263189905549234,0.923076923076923,0.9326972038480414,0.44594558682109947,0.46938775510204084,0.2187396041651684,1.1176212245045969
3,0,Isotonic regression,0.10632694153781866,0.33034558261376,0.9222408026755853,0.9180781949450805,0.43666010554962303,0.46938775510204084,0.3686040507855321,0.904826852669545
3,1,Uncalibrated,0.1269677973034423,0.3956722778828002,0.9023569023569024,0.9058569244366458,0.4859159810489248,0.4489795918367347,-0.23674539487757845,1.485482397732103
3,1,Temperature scaling,0.1246992826480737,0.3796419772658253,0.9023569023569024,0.9058569244366458,0.4831869679897177,0.4489795918367347,-0.26713405619144204,1.0926904281429364
3,1,Platt (sigmoid),0.12736365747276013,0.39372356882243315,0.9023569023569024,0.9058569244366458,0.49031295046082474,0.4489795918367347,-0.31024149923095234,1.1202272915586513
3,1,Logistic recalibration,0.12574068171755945,0.3814626002890392,0.9023569023569024,0.9058569244366458,0.48971005942580803,0.4489795918367347,-0.3189056727228891,1.08744623894572
3,1,Beta calibration,0.1275061403727879,0.38514731867420055,0.9023569023569024,0.9058569244366458,0.489647894817247,0.4489795918367347,-0.31691925454433933,1.0831007485661641
3,1,Isotonic regression,0.1405579244974677,0.4106626456990319,0.8930976430976431,0.8873388866035924,0.4956654936297881,0.4489795918367347,-0.41339141115061967,0.716086382467204
3,2,Uncalibrated,0.14427827285075293,0.44926243885656403,0.8811188811188811,0.8539528488639161,0.49468683026988813,0.4583333333333333,-0.2207224841247628,1.2639062950555195
3,2,Temperature scaling,0.1417364282144941,0.44378585858457736,0.8811188811188811,0.8539528488639161,0.4908490882910841,0.4583333333333333,-0.23637377957050998,0.9270679925273633
3,2,Platt (sigmoid),0.1422490343878753,0.4423353734617705,0.8811188811188811,0.8539528488639161,0.49722419088008313,0.4583333333333333,-0.2745746714905089,1.0126988614293178
3,2,Logistic recalibration,0.14221888392117343,0.44557374775599473,0.8811188811188811,0.8539528488639161,0.49735592595364925,0.4583333333333333,-0.28424169818674466,0.9228701121134777
3,2,Beta calibration,0.14153706882553474,0.46547446087473093,0.8811188811188811,0.8539528488639161,0.49343028325757804,0.4583333333333333,-0.2618340845060902,0.8089138458539423
3,2,Isotonic regression,0.14254491514970188,0.6504994167075823,0.8758741258741259,0.818698347107438,0.4944031084656085,0.4583333333333333,-0.2921599617189152,0.2587480473336958
3,3,Uncalibrated,0.14146130444463606,0.4311172058759291,0.8741258741258742,0.8784869448182141,0.4602473309758899,0.4583333333333333,-0.012000435930108959,1.2785750227641854
3,3,Temperature scaling,0.14094624987266277,0.42522016736592233,0.8741258741258742,0.8784869448182141,0.45369693452414234,0.4583333333333333,0.03523414076066987,0.9289779498918768
3,3,Platt (sigmoid),0.1411668021420565,0.43506092967916404,0.8741258741258742,0.8784869448182141,0.46329566438754727,0.4583333333333333,-0.03637595609275984,0.9776615088607218
3,3,Logistic recalibration,0.14125080158435085,0.4253560045225842,0.8741258741258742,0.8784869448182141,0.4623762594430607,0.4583333333333333,-0.030818313013481816,0.9216005952236536
3,3,Beta calibration,0.14078653810878755,0.4243178377262328,0.8741258741258742,0.8784869448182141,0.4618921192016428,0.4583333333333333,-0.027223068356703052,0.9200942136299549
3,3,Isotonic regression,0.15819834896455875,0.4754691706310746,0.8688811188811189,0.8347387086128994,0.4660065325028304,0.4583333333333333,-0.06655080700367075,0.6430977739919567
3,4,Uncalibrated,0.13234021211405206,0.42247813632365255,0.8951048951048951,0.9086251091645186,0.4371174263428385,0.4583333333333333,0.12755946185680633,1.5179932217352237
3,4,Temperature scaling,0.1271834864457568,0.40693283202937475,0.8951048951048951,0.9086251091645186,0.42329104616430696,0.4583333333333333,0.2647484302537255,1.0527548124807755
3,4,Platt (sigmoid),0.12705763439998777,0.4012190469497195,0.8951048951048951,0.9086251091645186,0.43789897346298184,0.4583333333333333,0.1484814864793356,1.1398135155750537
3,4,Logistic recalibration,0.12672929105536207,0.4040196811607166,0.8951048951048951,0.9086251091645186,0.4361657676203949,0.4583333333333333,0.1680928377083833,1.0414131110952982
3,4,Beta calibration,0.1271228573740385,0.40734407896283614,0.8951048951048951,0.9086251091645186,0.43663829089808076,0.4583333333333333,0.16564656715655954,1.0148912437655793
3,4,Isotonic regression,0.12165632906685891,0.5979486545167098,0.8994755244755245,0.8978084132864697,0.431261057556159,0.4583333333333333,0.21565261198432964,0.293857788140288
4,0,Uncalibrated,0.10492761401291388,0.35541815801844096,0.9531772575250836,0.9588681849551415,0.49157966240937734,0.46938775510204084,-0.1319691737744516,2.4578904757043882
4,0,Temperature scaling,0.09728984727110504,0.32678798948452525,0.9531772575250836,0.9588681849551415,0.4902091166269279,0.46938775510204084,-0.1397968174302991,2.014859674488167
4,0,Platt (sigmoid),0.09783677708854384,0.33310130033414687,0.9531772575250836,0.9588681849551415,0.5006069147358218,0.46938775510204084,-0.20406074645630706,1.9337761446937953
4,0,Logistic recalibration,0.09816548035508453,0.3275534736068456,0.9531772575250836,0.9588681849551415,0.5015867607030357,0.46938775510204084,-0.21737177668415278,1.9954724769955892
4,0,Beta calibration,0.09537656041520998,0.3202087793151667,0.9531772575250836,0.9588681849551415,0.5022734869554818,0.46938775510204084,-0.22668566125530654,1.9877087192849119
4,0,Isotonic regression,0.09814719950650813,0.31749592964102086,0.947324414715719,0.9493443754313319,0.5021451421600255,0.46938775510204084,-0.2339198599637119,2.2892537374442212
4,1,Uncalibrated,0.13822833386961006,0.42553348780508626,0.8518518518518519,0.8740052400612744,0.42502933871223364,0.4489795918367347,0.15042543460441504,1.3969380557899922
4,1,Temperature scaling,0.13782643733954583,0.42074004155838735,0.8518518518518519,0.8740052400612744,0.40375159793520105,0.4489795918367347,0.35188454188254087,0.9755278329836328
4,1,Platt (sigmoid),0.13749229409975053,0.4234783313970962,0.8518518518518519,0.8740052400612744,0.4137583133172816,0.4489795918367347,0.2652209920975485,1.0317364126344712
4,1,Logistic recalibration,0.1374537113460319,0.4163421075694486,0.8518518518518519,0.8740052400612744,0.4188783598599994,0.4489795918367347,0.23349872333279423,0.9604709995600991
4,1,Beta calibration,0.13630496685834478,0.4121429844727998,0.8518518518518519,0.8740052400612744,0.4186366366753731,0.4489795918367347,0.2359652756284761,0.9816715446996198
4,1,Isotonic regression,0.1460413032930138,0.43546347918924533,0.8484848484848485,0.8539737607052071,0.4185539225049818,0.4489795918367347,0.26760058258652336,0.6797857635138389
4,2,Uncalibrated,0.17681387893117298,0.5104693518653535,0.8094405594405595,0.8003627029379914,0.45790056514637967,0.4583333333333333,0.0027105382843838847,0.8843181797163554
4,2,Temperature scaling,0.1867156574427953,0.535196995869735,0.8094405594405595,0.8003627029379914,0.45824404232665267,0.4583333333333333,0.0006808462438849395,0.6385571515592414
4,2,Platt (sigmoid),0.19306967124983446,0.5553088543251402,0.8094405594405595,0.8003627029379914,0.47733063925529057,0.4583333333333333,-0.14358962108909235,0.6661245903735117
4,2,Logistic recalibration,0.18770151679647032,0.5368748938562987,0.8094405594405595,0.8003627029379914,0.46863836328595504,0.4583333333333333,-0.07924893930204525,0.6324363783646534
4,2,Beta calibration,0.18739828983355533,0.5350620795785379,0.8094405594405595,0.8003627029379914,0.46793507653108674,0.4583333333333333,-0.07353876605826244,0.6409146038140342
4,2,Isotonic regression,0.1939088865624713,0.568563013194523,0.8129370629370629,0.7846729003814565,0.4770054741014933,0.4583333333333333,-0.15824713604847598,0.430941731278811
4,3,Uncalibrated,0.11688133605206959,0.38424005820790635,0.9213286713286714,0.881216162959715,0.45808461619599167,0.4583333333333333,0.0016784880072702993,1.3643141887932004
4,3,Temperature scaling,0.11339288046613542,0.3723396762719287,0.9213286713286714,0.881216162959715,0.4502109488733401,0.4583333333333333,0.06917202661941083,1.0147209055943662
4,3,Platt (sigmoid),0.1146249880982441,0.3707556838507821,0.9213286713286714,0.881216162959715,0.4540853281246206,0.4583333333333333,0.0337960189754339,1.123515663307369
4,3,Logistic recalibration,0.11311526342949886,0.37212964353705047,0.9213286713286714,0.881216162959715,0.453972254395793,0.4583333333333333,0.037181981024330554,1.0120398572489877
4,3,Beta calibration,0.11355534620087782,0.3840500664678152,0.9213286713286714,0.881216162959715,0.45673374699394004,0.4583333333333333,0.013711856260854246,0.9663424271972157
4,3,Isotonic regression,0.10980703212298683,0.5605514048862904,0.923951048951049,0.8521438755290429,0.46959918123530514,0.4583333333333333,-0.10719587043957454,0.33788369002412044
4,4,Uncalibrated,0.12898622946295116,0.4104883436659242,0.9090909090909092,0.9162883796239412,0.42742686864188945,0.4583333333333333,0.17686044806791798,2.0111281544803705
4,4,Temperature scaling,0.12213284802552264,0.38200327283393093,0.9090909090909092,0.9162883796239412,0.4121105203690221,0.4583333333333333,0.3188097824175454,1.4422514061459613
4,4,Platt (sigmoid),0.12152039641849192,0.3862635740721543,0.9090909090909092,0.9162883796239412,0.4107277978487467,0.4583333333333333,0.3293203494327519,1.3855244607586665
4,4,Logistic recalibration,0.12219443142562174,0.38218449462424386,0.9090909090909092,0.9162883796239412,0.41165987993183234,0.4583333333333333,0.32187796984910977,1.4429409316991648
4,4,Beta calibration,0.12274740593576451,0.3836873768581331,0.9090909090909092,0.9162883796239412,0.41010250585269664,0.4583333333333333,0.3296479022362076,1.5182712123793853
4,4,Isotonic regression,0.1279531671155609,0.37861393247479996,0.9134615384615384,0.8860503133230406,0.3965327127053853,0.4583333333333333,0.4512777991351224,1.570221449395566
