repeat,fold,method,brier,log_loss,auc,ap,mean_predicted,observed_rate,cal_intercept,cal_slope,selected
0,0,Uncalibrated,0.10461345186325777,0.34721600961343435,0.948051948051948,0.9494063513501562,0.47351591654044684,0.45901639344262296,-0.09121942995352271,2.2234907024091544,True
0,0,Temperature scaling,0.09569035930143442,0.3102230116564001,0.948051948051948,0.9494063513501562,0.4693595283226239,0.45901639344262296,-0.07952436231849051,1.619070535378104,False
0,0,Platt (sigmoid),0.09539505064121793,0.3163616051182148,0.948051948051948,0.9494063513501562,0.4733915408807199,0.45901639344262296,-0.10748116552871263,1.5599291958944266,False
0,0,Logistic recalibration,0.09586390145916153,0.31042285756905996,0.948051948051948,0.9494063513501562,0.4735593490174029,0.45901639344262296,-0.11191382278271239,1.6155642110101711,False
0,0,Beta calibration,0.09562577849603865,0.30979109271944605,0.948051948051948,0.9494063513501562,0.4733494674088657,0.45901639344262296,-0.11050111983416185,1.614726776532586,False
0,0,Isotonic regression,0.10690110209559439,0.33063432070689996,0.9366883116883118,0.9172582854652158,0.46613936222785174,0.45901639344262296,-0.060173137124217305,1.1912280673499576,False
0,1,Uncalibrated,0.13743627585007895,0.41874345748432373,0.8896103896103895,0.8716200305752279,0.46926437485561656,0.45901639344262296,-0.0723196050789936,1.0723715071039503,True
0,1,Temperature scaling,0.1417737207816666,0.43901827470732696,0.8896103896103895,0.8716200305752279,0.4593592165972621,0.45901639344262296,-0.003368773260316464,0.6790178247946148,False
0,1,Platt (sigmoid),0.1416640424429845,0.4428110657986498,0.8896103896103895,0.8716200305752279,0.46985184498976573,0.45901639344262296,-0.10116534282749017,0.7707036585928956,False
0,1,Logistic recalibration,0.14119952260550506,0.4412766530514625,0.8896103896103895,0.8716200305752279,0.4703518191108217,0.45901639344262296,-0.1120550879939638,0.6698058900854559,False
0,1,Beta calibration,0.14429198100165178,0.4790744600284523,0.8896103896103895,0.8716200305752279,0.4707560730634563,0.45901639344262296,-0.11960543656891828,0.5900339098061792,False
0,1,Isotonic regression,0.15573000473182105,0.9876104589944906,0.8685064935064934,0.785981494916473,0.46855035078935237,0.45901639344262296,-0.10340072081091939,0.18245466840838145,False
0,2,Uncalibrated,0.12308211573069473,0.3950770269733226,0.908008658008658,0.9158510155804888,0.46328146575524387,0.45901639344262296,-0.028409096638700608,1.3363515833836737,True
0,2,Temperature scaling,0.1200604805504826,0.38506241067663777,0.908008658008658,0.9158510155804888,0.45965176472765207,0.45901639344262296,-0.00508414348555881,1.023184891633947,False
0,2,Platt (sigmoid),0.12016002084116967,0.38389061127083907,0.908008658008658,0.9158510155804888,0.4640327588015257,0.45901639344262296,-0.03855723412995542,1.1072999657952753,False
0,2,Logistic recalibration,0.12015681619047043,0.3850822820714056,0.908008658008658,0.9158510155804888,0.4617324403629636,0.45901639344262296,-0.02174940274285149,1.0217572871632319,False
0,2,Beta calibration,0.12098467211295222,0.3932506303158497,0.908008658008658,0.9158510155804888,0.46175605407094095,0.45901639344262296,-0.022011835038470463,0.9843845870121356,False
0,2,Isotonic regression,0.12759392886162843,0.555704876893604,0.8912337662337664,0.8700575031063853,0.44495560434216325,0.45901639344262296,0.12636007922949266,0.434165633048928,False
0,3,Uncalibrated,0.12301968597811999,0.3854224706301481,0.9135802469135803,0.9136864033891683,0.45545644290219517,0.45,-0.034575152506755746,1.6547844169873882,True
0,3,Temperature scaling,0.11933649312507649,0.36489622138639155,0.9135802469135803,0.9136864033891683,0.44738412196468413,0.45,0.0197451236738066,1.23073586069652,False
0,3,Platt (sigmoid),0.12029899584723475,0.37454059763237246,0.9135802469135803,0.9136864033891683,0.4542725442580466,0.45,-0.03182741098819241,1.199652934184513,False
0,3,Logistic recalibration,0.11943207158435692,0.364738204690635,0.9135802469135803,0.9136864033891683,0.45558027303081866,0.45,-0.0421603026039133,1.223623296175437,False
0,3,Beta calibration,0.11922230228562504,0.3639398825745855,0.9135802469135803,0.9136864033891683,0.4528770119738932,0.45,-0.021972193883435194,1.2152397746777335,False
0,3,Isotonic regression,0.12074810182111456,0.3676960317541585,0.9034792368125703,0.8761013179198955,0.45089790171193467,0.45,-0.007480366791601915,1.0078463556556627,False
0,4,Uncalibrated,0.1176165944725506,0.3758838956088798,0.9229910714285714,0.9220795842756206,0.41676336726199686,0.4666666666666667,0.3449542305655791,1.4772990281626757,True
0,4,Temperature scaling,0.11658057987090129,0.3672755692211814,0.9229910714285714,0.9220795842756206,0.40365242959865405,0.4666666666666667,0.5632983747704319,1.0869911497803357,False
0,4,Platt (sigmoid),0.1170590475064697,0.37865267561412597,0.9229910714285714,0.9220795842756206,0.4048601787746291,0.4666666666666667,0.5328409390194553,1.1137023861637665,False
0,4,Logistic recalibration,0.11661442281520286,0.3674073004967035,0.9229910714285714,0.9220795842756206,0.4034306445136878,0.4666666666666667,0.5651532382667948,1.087400519264181,False
0,4,Beta calibration,0.11624029453111323,0.3663777828212141,0.9229910714285714,0.9220795842756206,0.405351415813876,0.4666666666666667,0.542037522998712,1.1087760522345556,False
0,4,Isotonic regression,0.11526171156545306,0.3618602567449123,0.9196428571428572,0.915198391441775,0.40664816588148417,0.4666666666666667,0.6277363377141436,0.8793210671461725,False
1,0,Uncalibrated,0.0990660769377124,0.334173601849913,0.961038961038961,0.9512562450471681,0.4806146297458607,0.45901639344262296,-0.137555149055217,2.5753115330664382,True
1,0,Temperature scaling,0.09056820146442679,0.30316974523483403,0.961038961038961,0.9512562450471681,0.47942209153030807,0.45901639344262296,-0.14984290592913088,2.029670225512472,False
1,0,Platt (sigmoid),0.08822409541650578,0.3054577005873498,0.961038961038961,0.9512562450471681,0.4841721094806648,0.45901639344262296,-0.17945353341816875,1.894396537655383,False
1,0,Logistic recalibration,0.09066370266293809,0.3034088013572226,0.961038961038961,0.9512562450471681,0.48209295181323025,0.45901639344262296,-0.1696130846284982,2.0263842032672894,False
1,0,Beta calibration,0.0900925713462153,0.30331187190968933,0.961038961038961,0.9512562450471681,0.48146833128876154,0.45901639344262296,-0.16594370638382522,1.9510413676156655,False
1,0,Isotonic regression,0.09455085210531794,0.30603832943692666,0.9588744588744589,0.947345083754041,0.47817366248051363,0.45901639344262296,-0.1563372416775042,1.6255612597621558,False
1,1,Uncalibrated,0.12172472074371764,0.39776789188277256,0.906926406926407,0.9131259444436154,0.4287098217767583,0.45901639344262296,0.19107693284945781,1.5390246274820465,True
1,1,Temperature scaling,0.11533684625063788,0.3806834438256183,0.906926406926407,0.9131259444436154,0.4187701429540313,0.45901639344262296,0.32701989663325015,1.0599327434609636,False
1,1,Platt (sigmoid),0.1143471594901974,0.37180989010949717,0.906926406926407,0.9131259444436154,0.4267850088546734,0.45901639344262296,0.2548894923209833,1.1520079305215767,False
1,1,Logistic recalibration,0.11487703613821858,0.37900458859461517,0.906926406926407,0.9131259444436154,0.4240920256444909,0.45901639344262296,0.28424793301823154,1.055921190543957,False
1,1,Beta calibration,0.11486372387250374,0.3808438948043821,0.906926406926407,0.9131259444436154,0.42401287668750887,0.45901639344262296,0.28593451169461453,1.0399461137158377,False
1,1,Isotonic regression,0.11879151229456301,0.5328742793941547,0.9074675324675325,0.8978746875778385,0.4112325170708766,0.45901639344262296,0.42798438298741426,0.4572666108862847,False
1,2,Uncalibrated,0.10191821855588674,0.33751209024634654,0.9383116883116882,0.9248502184732036,0.4856853575737644,0.45901639344262296,-0.20143392090185075,1.4077929438452172,True
1,2,Temperature scaling,0.0977901963486484,0.3248232924419131,0.9383116883116882,0.9248502184732036,0.4811227734651603,0.45901639344262296,-0.2008388304198072,1.1056911277638732,False
1,2,Platt (sigmoid),0.09709165859910641,0.32836779949618533,0.9383116883116882,0.9248502184732036,0.49117515533761225,0.45901639344262296,-0.2732833712692068,1.2081816636493077,False
1,2,Logistic recalibration,0.09853652500703679,0.3273460891454773,0.9383116883116882,0.9248502184732036,0.492179514806539,0.45901639344262296,-0.30313756177069506,1.0927256013246658,False
1,2,Beta calibration,0.09723337871991006,0.3414092439901637,0.9383116883116882,0.9248502184732036,0.49626550443115525,0.45901639344262296,-0.3522696889551141,0.9803576763980221,False
1,2,Isotonic regression,0.10088615630215131,0.48698173174222964,0.9301948051948052,0.896220587053004,0.49065041237421253,0.45901639344262296,-0.3557011053614398,0.35009613328746536,False
1,3,Uncalibrated,0.13631771837186044,0.41565286334234874,0.8956228956228957,0.8918961767154445,0.4687561082451888,0.45,-0.12240645706029406,1.2544562716617067,True
1,3,Temperature scaling,0.14332919438281883,0.4152613186798625,0.8956228956228957,0.8918961767154445,0.45912930219384473,0.45,-0.08490726928519655,0.8076036488152147,False
1,3,Platt (sigmoid),0.14872713394202206,0.4359640193356469,0.8956228956228957,0.8918961767154445,0.4585329584659246,0.45,-0.07825805934816404,0.8081818987752247,False
1,3,Logistic recalibration,0.1433721831369894,0.4153685501051211,0.8956228956228957,0.8918961767154445,0.4600292635891321,0.45,-0.0932791164464296,0.8072852431071746,False
1,3,Beta calibration,0.1444212139557288,0.4198244061838203,0.8956228956228957,0.8918961767154445,0.4624287866769721,0.45,-0.11776512285278372,0.7760628701425906,False
1,3,Isotonic regression,0.14230639147153532,0.42503890083622436,0.8894500561167228,0.8534430698633644,0.45676984422020245,0.45,-0.06890027528207694,0.6858979014518876,False
1,4,Uncalibrated,0.13038938680018838,0.40138743545707606,0.8962053571428571,0.8991039553103338,0.41997118005876766,0.4666666666666667,0.29924346684493636,1.5864774401896138,True
1,4,Temperature scaling,0.13058083904045095,0.3908239068571445,0.8962053571428571,0.8991039553103338,0.4042915291980641,0.4666666666666667,0.4867553639779427,1.1607184036209517,False
1,4,Platt (sigmoid),0.13246641711497859,0.40283262273277004,0.8962053571428571,0.8991039553103338,0.4062906570915327,0.4666666666666667,0.46546458920273254,1.1457465680542602,False
1,4,Logistic recalibration,0.12966554984949805,0.3880588405148561,0.8962053571428571,0.8991039553103338,0.40987448952731476,0.4666666666666667,0.44274981373821337,1.1566367988509212,False
1,4,Beta calibration,0.12992037999106953,0.3884396146843903,0.8962053571428571,0.8991039553103338,0.4097478098770342,0.4666666666666667,0.44262381846345256,1.1713967423914202,False
1,4,Isotonic regression,0.1445144396236701,0.42948518233300603,0.8889508928571428,0.8733991908207936,0.3962452057963866,0.4666666666666667,0.6086173852392753,0.8952444691776958,False
2,0,Uncalibrated,0.09422176848380555,0.3185887486882152,0.9675324675324675,0.9700339269080719,0.4247151602664712,0.45901639344262296,0.22741292408533115,3.0357778798006603,True
2,0,Temperature scaling,0.08497810299121136,0.28226542107171154,0.9675324675324675,0.9700339269080719,0.4121412561422091,0.45901639344262296,0.3776192282958189,2.230895788690503,False
2,0,Platt (sigmoid),0.08169411971338278,0.28319254665942545,0.9675324675324675,0.9700339269080719,0.4230066504073264,0.45901639344262296,0.27726259257121155,2.126096426923504,False
2,0,Logistic recalibration,0.08303749778246634,0.27754827477574084,0.9675324675324675,0.9700339269080719,0.42282745049264264,0.45901639344262296,0.29198679470062994,2.2097083742375694,False
2,0,Beta calibration,0.08230757856563559,0.27583061378466095,0.9675324675324675,0.9700339269080719,0.42282190069750014,0.45901639344262296,0.29406191109412705,2.1303455006761887,False
2,0,Isotonic regression,0.09364985209015597,0.3060298194395839,0.958874458874459,0.9522424091587853,0.42059197121718744,0.45901639344262296,0.3276311178113037,1.5608879714467236,False
2,1,Uncalibrated,0.10822811325024478,0.3677037990778471,0.961038961038961,0.9550237342438895,0.5021069742964502,0.45901639344262296,-0.243697010625968,3.0837838367084225,True
2,1,Temperature scaling,0.10042273289367357,0.3425134796819813,0.961038961038961,0.9550237342438895,0.5020649200823053,0.45901639344262296,-0.2645287946589821,2.6250342866311662,False
2,1,Platt (sigmoid),0.09624796325715976,0.3353916587934975,0.961038961038961,0.9550237342438895,0.5054448952557914,0.45901639344262296,-0.2902050801461424,2.3088343735858077,False
2,1,Logistic recalibration,0.10068598927976198,0.34304405084680356,0.961038961038961,0.9550237342438895,0.5048434184239815,0.45901639344262296,-0.28180732714998585,2.621072902668374,False
2,1,Beta calibration,0.09830461020730198,0.3369758439986587,0.961038961038961,0.9550237342438895,0.50194439312658,0.45901639344262296,-0.2683578894316543,2.515156825301371,False
2,1,Isotonic regression,0.09490831293455587,0.31970408634318737,0.9583333333333333,0.9372874149659864,0.5050323076317764,0.45901639344262296,-0.3111481122694693,2.27624738139408,False
2,2,Uncalibrated,0.17018540919792904,0.5117864779529528,0.8235930735930737,0.8319495883147495,0.40391563164564476,0.45901639344262296,0.3530944207737227,0.8950888943415405,True
2,2,Temperature scaling,0.1768659222243205,0.5558333878320596,0.8235930735930737,0.8319495883147495,0.38788136008472685,0.45901639344262296,0.5801151692244328,0.600939649387054,False
2,2,Platt (sigmoid),0.17840648810045195,0.5436673439255286,0.8235930735930737,0.8319495883147495,0.3966248170859484,0.45901639344262296,0.5036756093173874,0.682835126661528,False
2,2,Logistic recalibration,0.17624236134175397,0.5512811967540728,0.8235930735930737,0.8319495883147495,0.39774897136020454,0.45901639344262296,0.49960131708311317,0.5975827188779769,False
2,2,Beta calibration,0.17591128275861,0.5448693684067166,0.8235930735930737,0.8319495883147495,0.396583131039357,0.45901639344262296,0.5065195929790969,0.615491250733493,False
2,2,Isotonic regression,0.166396527039165,0.5326660604212881,0.8273809523809524,0.816997864176596,0.407568166576592,0.45901639344262296,0.45953772546950405,0.5706747266005578,False
2,3,Uncalibrated,0.11209678820951362,0.3617992660853442,0.9248035914702581,0.913920243550129,0.4856743296405128,0.45,-0.2565749825485337,1.350410132613523,True
2,3,Temperature scaling,0.11024822095255088,0.350461054763172,0.9248035914702581,0.913920243550129,0.4745293766245094,0.45,-0.24861460088813894,0.8932670353334219,False
2,3,Platt (sigmoid),0.11165178085354235,0.35675387133704556,0.9248035914702581,0.913920243550129,0.4807970468757587,0.45,-0.28790998655702643,0.9876859308570537,False
2,3,Logistic recalibration,0.11095288480793863,0.3535587219061007,0.9248035914702581,0.913920243550129,0.4838991306828054,0.45,-0.34432704405491243,0.8844638293053264,False
2,3,Beta calibration,0.11086176878794701,0.3569750196722688,0.9248035914702581,0.913920243550129,0.4846136275663275,0.45,-0.3547175288306303,0.8631850831898152,False
2,3,Isotonic regression,0.11604199477553863,0.5284146705532176,0.9180695847362514,0.8793186298577621,0.48860040948390754,0.45,-0.4380896029814735,0.32319208825508283,False
2,4,Uncalibrated,0.13560108237525265,0.42704091475219363,0.8872767857142857,0.8955260594672474,0.49322778356463143,0.4666666666666667,-0.17751562575462249,1.1498047633201596,False
2,4,Temperature scaling,0.13483674715985308,0.43876390060713527,0.8872767857142857,0.8955260594672474,0.4927461499280824,0.4666666666666667,-0.23955202182485777,0.7375013673851157,True
2,4,Platt (sigmoid),0.13644622154289923,0.4345683326655764,0.8872767857142857,0.8955260594672474,0.5084579627265853,0.4666666666666667,-0.3747738089557352,0.8280836131972439,False
2,4,Logistic recalibration,0.13710401441076484,0.44492565358989417,0.8872767857142857,0.8955260594672474,0.507739138258311,0.4666666666666667,-0.3817310083800317,0.7263097617923964,False
2,4,Beta calibration,0.13706207850945737,0.44437507605620463,0.8872767857142857,0.8955260594672474,0.5078230244569575,0.4666666666666667,-0.3830322276320857,0.7262557653889972,False
2,4,Isotonic regression,0.13986068246843342,0.6295230891358834,0.8816964285714286,0.8573184612190741,0.5103366631925506,0.4666666666666667,-0.4614676142276487,0.3091977900161511,False
